{
  "Total" : {
    "transaction" : "Total",
    "sampleCount" : 55,
    "errorCount" : 50,
    "errorPct" : 90.90909,
    "meanResTime" : 549.8545454545455,
    "medianResTime" : 526.0,
    "minResTime" : 506.0,
    "maxResTime" : 886.0,
    "pct1ResTime" : 621.1999999999999,
    "pct2ResTime" : 671.7999999999998,
    "pct3ResTime" : 886.0,
    "throughput" : 1.8154211777132296,
    "receivedKBytesPerSec" : 4.461191246369157,
    "sentKBytesPerSec" : 0.42194359403881704
  },
  "/user/search-4" : {
    "transaction" : "/user/search-4",
    "sampleCount" : 55,
    "errorCount" : 50,
    "errorPct" : 90.90909,
    "meanResTime" : 549.8545454545455,
    "medianResTime" : 526.0,
    "minResTime" : 506.0,
    "maxResTime" : 886.0,
    "pct1ResTime" : 621.1999999999999,
    "pct2ResTime" : 671.7999999999998,
    "pct3ResTime" : 886.0,
    "throughput" : 1.8154211777132296,
    "receivedKBytesPerSec" : 4.461191246369157,
    "sentKBytesPerSec" : 0.42194359403881704
  }
}