{
  "Total" : {
    "transaction" : "Total",
    "sampleCount" : 6504,
    "errorCount" : 6175,
    "errorPct" : 94.941574,
    "meanResTime" : 4.1509840098401085,
    "medianResTime" : 3.0,
    "minResTime" : 1.0,
    "maxResTime" : 145.0,
    "pct1ResTime" : 7.0,
    "pct2ResTime" : 10.0,
    "pct3ResTime" : 19.0,
    "throughput" : 217.017017017017,
    "receivedKBytesPerSec" : 290.550544033617,
    "sentKBytesPerSec" : 50.439502002002
  },
  "/user/search-4" : {
    "transaction" : "/user/search-4",
    "sampleCount" : 6504,
    "errorCount" : 6175,
    "errorPct" : 94.941574,
    "meanResTime" : 4.1509840098401085,
    "medianResTime" : 3.0,
    "minResTime" : 1.0,
    "maxResTime" : 145.0,
    "pct1ResTime" : 7.0,
    "pct2ResTime" : 10.0,
    "pct3ResTime" : 19.0,
    "throughput" : 217.017017017017,
    "receivedKBytesPerSec" : 290.550544033617,
    "sentKBytesPerSec" : 50.439502002002
  }
}