{
  "Total" : {
    "transaction" : "Total",
    "sampleCount" : 50678,
    "errorCount" : 48144,
    "errorPct" : 94.9998,
    "meanResTime" : 58.246023915703034,
    "medianResTime" : 46.0,
    "minResTime" : 1.0,
    "maxResTime" : 798.0,
    "pct1ResTime" : 93.0,
    "pct2ResTime" : 113.0,
    "pct3ResTime" : 174.0,
    "throughput" : 1683.9901641523227,
    "receivedKBytesPerSec" : 2740.5162392212733,
    "sentKBytesPerSec" : 391.3961514338406
  },
  "/user/search-4" : {
    "transaction" : "/user/search-4",
    "sampleCount" : 50678,
    "errorCount" : 48144,
    "errorPct" : 94.9998,
    "meanResTime" : 58.246023915703034,
    "medianResTime" : 46.0,
    "minResTime" : 1.0,
    "maxResTime" : 798.0,
    "pct1ResTime" : 93.0,
    "pct2ResTime" : 113.0,
    "pct3ResTime" : 174.0,
    "throughput" : 1683.9901641523227,
    "receivedKBytesPerSec" : 2740.5162392212733,
    "sentKBytesPerSec" : 391.3961514338406
  }
}