{
  "Total" : {
    "transaction" : "Total",
    "sampleCount" : 135,
    "errorCount" : 131,
    "errorPct" : 97.03704,
    "meanResTime" : 2239.903703703704,
    "medianResTime" : 2222.0,
    "minResTime" : 1105.0,
    "maxResTime" : 3484.0,
    "pct1ResTime" : 2633.0,
    "pct2ResTime" : 2932.1999999999957,
    "pct3ResTime" : 3484.0,
    "throughput" : 4.312272407845141,
    "receivedKBytesPerSec" : 1.9644796524627866,
    "sentKBytesPerSec" : 1.0022664385421325
  },
  "/user/search-4" : {
    "transaction" : "/user/search-4",
    "sampleCount" : 135,
    "errorCount" : 131,
    "errorPct" : 97.03704,
    "meanResTime" : 2239.903703703704,
    "medianResTime" : 2222.0,
    "minResTime" : 1105.0,
    "maxResTime" : 3484.0,
    "pct1ResTime" : 2633.0,
    "pct2ResTime" : 2932.1999999999957,
    "pct3ResTime" : 3484.0,
    "throughput" : 4.312272407845141,
    "receivedKBytesPerSec" : 1.9644796524627866,
    "sentKBytesPerSec" : 1.0022664385421325
  }
}